<?xml version="1.0" encoding="UTF-8"?>
<project-private xmlns="http://www.netbeans.org/ns/project-private/1">
    <editor-bookmarks xmlns="http://www.netbeans.org/ns/editor-bookmarks/2" lastBookmarkId="0"/>
    <open-files xmlns="http://www.netbeans.org/ns/projectui-open-files/2">
        <group>
            <file>file:/D:/Ari/Kuliah/Perkuliahan/Semester%204/Desain%20dan%20Pemrograman%20Berorientasi%20Objek/Praktikum/Praktikum%205/Latihan/DaftarMahasiswa%20-%20Fix/src/daftarmahasiswa/Menu.java</file>
            <file>file:/D:/Ari/Kuliah/Perkuliahan/Semester%204/Desain%20dan%20Pemrograman%20Berorientasi%20Objek/Praktikum/Praktikum%205/Latihan/DaftarMahasiswa%20-%20Fix/src/daftarmahasiswa/Mahasiswa.java</file>
        </group>
    </open-files>
</project-private>
